{"cameraMode":{"drawMode":0,"name":"Shaded","section":"Shading Mode"},"sceneLighting":false,"audioPlay":false,"sceneViewState":{"m_AlwaysRefresh":false,"showFog":true,"showSkybox":false,"showFlares":true,"showImageEffects":true,"showParticleSystems":true,"showVisualEffectGraphs":true,"m_FxEnabled":true},"in2DMode":false,"pivot":{"x":2.414851665496826,"y":3.556791067123413,"z":2.4018540382385256},"rotation":{"x":0.07961557805538178,"y":0.2571691870689392,"z":-0.021264726296067239,"w":0.9628463983535767},"size":0.7825285196304321,"orthographic":true}