{"cameraMode":{"drawMode":0,"name":"Shaded","section":"Shading Mode"},"sceneLighting":false,"audioPlay":false,"sceneViewState":{"m_AlwaysRefresh":false,"showFog":true,"showSkybox":false,"showFlares":true,"showImageEffects":true,"showParticleSystems":true,"showVisualEffectGraphs":true,"m_FxEnabled":true},"in2DMode":false,"pivot":{"x":1.1139487028121949,"y":0.8111454248428345,"z":2.2551279067993166},"rotation":{"x":0.14011524617671967,"y":0.5147476196289063,"z":-0.08571253716945648,"w":0.8414619565010071},"size":0.6571717262268066,"orthographic":true}