{"cameraMode":{"drawMode":0,"name":"Shaded","section":"Shading Mode"},"sceneLighting":true,"audioPlay":false,"sceneViewState":{"m_AlwaysRefresh":false,"showFog":true,"showSkybox":true,"showFlares":true,"showImageEffects":true,"showParticleSystems":true,"showVisualEffectGraphs":true,"m_FxEnabled":true},"in2DMode":false,"pivot":{"x":994.3060913085938,"y":455.1330261230469,"z":227.50091552734376},"rotation":{"x":0.032263774424791339,"y":0.3534676134586334,"z":-0.012199447490274907,"w":0.9348117113113403},"size":1.3434667587280274,"orthographic":false}