{"cameraMode":{"drawMode":0,"name":"Shaded","section":"Shading Mode"},"sceneLighting":true,"audioPlay":false,"sceneViewState":{"m_AlwaysRefresh":false,"showFog":true,"showSkybox":true,"showFlares":true,"showImageEffects":true,"showParticleSystems":true,"showVisualEffectGraphs":true,"m_FxEnabled":true},"in2DMode":false,"pivot":{"x":0.07061386108398438,"y":1.284165382385254,"z":1.1741626262664796},"rotation":{"x":0.0939398854970932,"y":0.23803876340389253,"z":-0.02313627302646637,"w":0.9664301872253418},"size":1.1808364391326905,"orthographic":false}