{"cameraMode":{"drawMode":0,"name":"Shaded","section":"Shading Mode"},"sceneLighting":false,"audioPlay":false,"sceneViewState":{"m_AlwaysRefresh":false,"showFog":true,"showSkybox":false,"showFlares":true,"showImageEffects":true,"showParticleSystems":true,"showVisualEffectGraphs":true,"m_FxEnabled":true},"in2DMode":false,"pivot":{"x":-0.09962987899780274,"y":0.8449224233627319,"z":18.72382164001465},"rotation":{"x":-0.10073893517255783,"y":0.8989362120628357,"z":-0.31394678354263308,"w":-0.28844958543777468},"size":1.1930668354034424,"orthographic":false}