{"cameraMode":{"drawMode":0,"name":"Shaded","section":"Shading Mode"},"sceneLighting":true,"audioPlay":false,"sceneViewState":{"m_AlwaysRefresh":false,"showFog":true,"showSkybox":true,"showFlares":true,"showImageEffects":true,"showParticleSystems":true,"showVisualEffectGraphs":true,"m_FxEnabled":true},"in2DMode":false,"pivot":{"x":0.24928081035614015,"y":0.6942404508590698,"z":2.8019280433654787},"rotation":{"x":0.23952816426753999,"y":0.12338931113481522,"z":-0.03072778694331646,"w":0.9625428318977356},"size":0.8586313724517822,"orthographic":true}