{"cameraMode":{"drawMode":0,"name":"Shaded","section":"Shading Mode"},"sceneLighting":true,"audioPlay":false,"sceneViewState":{"m_AlwaysRefresh":false,"showFog":true,"showSkybox":true,"showFlares":true,"showImageEffects":true,"showParticleSystems":true,"showVisualEffectGraphs":true,"m_FxEnabled":true},"in2DMode":false,"pivot":{"x":0.03941899538040161,"y":2.2575185298919679,"z":-3.786526679992676},"rotation":{"x":0.02239072322845459,"y":-0.9771950840950012,"z":0.13422173261642457,"w":0.1630139946937561},"size":0.9845893383026123,"orthographic":false}