{"cameraMode":{"drawMode":0,"name":"Shaded","section":"Shading Mode"},"sceneLighting":true,"audioPlay":false,"sceneViewState":{"m_AlwaysRefresh":false,"showFog":true,"showSkybox":true,"showFlares":true,"showImageEffects":true,"showParticleSystems":true,"showVisualEffectGraphs":true,"m_FxEnabled":true},"in2DMode":false,"pivot":{"x":1.6913927793502808,"y":1.7166142463684083,"z":3.097806453704834},"rotation":{"x":-0.11906567215919495,"y":-0.15806658565998078,"z":0.019206445664167405,"w":-0.9800482392311096},"size":5.697658538818359,"orthographic":true}