{"cameraMode":{"drawMode":0,"name":"Shaded","section":"Shading Mode"},"sceneLighting":true,"audioPlay":false,"sceneViewState":{"m_AlwaysRefresh":false,"showFog":true,"showSkybox":true,"showFlares":true,"showImageEffects":true,"showParticleSystems":true,"showVisualEffectGraphs":true,"m_FxEnabled":true},"in2DMode":false,"pivot":{"x":1.8064841032028199,"y":1.3077380657196046,"z":3.409492015838623},"rotation":{"x":0.17776422202587129,"y":0.21762396395206452,"z":-0.04034489393234253,"w":0.9588621258735657},"size":7.176714897155762,"orthographic":false}