{"cameraMode":{"drawMode":0,"name":"Shaded","section":"Shading Mode"},"sceneLighting":true,"audioPlay":false,"sceneViewState":{"m_AlwaysRefresh":false,"showFog":true,"showSkybox":true,"showFlares":true,"showImageEffects":true,"showParticleSystems":true,"showVisualEffectGraphs":true,"m_FxEnabled":true},"in2DMode":false,"pivot":{"x":1.6684110164642335,"y":1.7328574657440186,"z":3.077733039855957},"rotation":{"x":0.14221301674842835,"y":0.580420196056366,"z":-0.1038212850689888,"w":0.7950563430786133},"size":0.04502696543931961,"orthographic":true}