{"cameraMode":{"drawMode":0,"name":"Shaded","section":"Shading Mode"},"sceneLighting":true,"audioPlay":false,"sceneViewState":{"m_AlwaysRefresh":false,"showFog":true,"showSkybox":true,"showFlares":true,"showImageEffects":true,"showParticleSystems":true,"showVisualEffectGraphs":true,"m_FxEnabled":true},"in2DMode":false,"pivot":{"x":-3.1490745544433595,"y":1.2404348850250245,"z":3.499866008758545},"rotation":{"x":0.23293262720108033,"y":-0.25603461265563967,"z":0.06371196359395981,"w":0.9360260963439941},"size":0.3393566310405731,"orthographic":true}