{"cameraMode":{"drawMode":0,"name":"Shaded","section":"Shading Mode"},"sceneLighting":true,"audioPlay":false,"sceneViewState":{"m_AlwaysRefresh":false,"showFog":true,"showSkybox":true,"showFlares":true,"showImageEffects":true,"showParticleSystems":true,"showVisualEffectGraphs":true,"m_FxEnabled":true},"in2DMode":false,"pivot":{"x":0.15754534304141999,"y":1.8754416704177857,"z":3.0425045490264894},"rotation":{"x":-0.10773426294326782,"y":0.03307918831706047,"z":-0.0035727263893932106,"w":-0.9936444759368897},"size":1.1311824321746827,"orthographic":false}