{"cameraMode":{"drawMode":0,"name":"Shaded","section":"Shading Mode"},"sceneLighting":true,"audioPlay":false,"sceneViewState":{"m_AlwaysRefresh":false,"showFog":true,"showSkybox":true,"showFlares":true,"showImageEffects":true,"showParticleSystems":true,"showVisualEffectGraphs":true,"m_FxEnabled":true},"in2DMode":false,"pivot":{"x":0.5747882127761841,"y":-26.381065368652345,"z":-56.77945327758789},"rotation":{"x":0.0007924900273792446,"y":0.9722654819488525,"z":-0.23422086238861085,"w":0.0038006759714335205},"size":33.30376052856445,"orthographic":false}