{"cameraMode":{"drawMode":0,"name":"Shaded","section":"Shading Mode"},"sceneLighting":true,"audioPlay":false,"sceneViewState":{"m_AlwaysRefresh":false,"showFog":true,"showSkybox":true,"showFlares":true,"showImageEffects":true,"showParticleSystems":true,"showVisualEffectGraphs":true,"m_FxEnabled":true},"in2DMode":false,"pivot":{"x":14.131817817687989,"y":0.506489634513855,"z":17.42097282409668},"rotation":{"x":0.10509701818227768,"y":0.7029315829277039,"z":-0.10623762756586075,"w":0.6953838467597961},"size":3.1244659423828127,"orthographic":false}