{"cameraMode":{"drawMode":0,"name":"Shaded","section":"Shading Mode"},"sceneLighting":true,"audioPlay":false,"sceneViewState":{"m_AlwaysRefresh":false,"showFog":true,"showSkybox":true,"showFlares":true,"showImageEffects":true,"showParticleSystems":true,"showVisualEffectGraphs":true,"m_FxEnabled":true},"in2DMode":false,"pivot":{"x":9.031370162963868,"y":-7.451569557189941,"z":13.253185272216797},"rotation":{"x":0.3122071921825409,"y":0.27500250935554507,"z":-0.09492331743240357,"w":0.9043987989425659},"size":10.039863586425782,"orthographic":false}