{"cameraMode":{"drawMode":0,"name":"Shaded","section":"Shading Mode"},"sceneLighting":false,"audioPlay":false,"sceneViewState":{"m_AlwaysRefresh":false,"showFog":true,"showSkybox":true,"showFlares":true,"showImageEffects":true,"showParticleSystems":true,"showVisualEffectGraphs":true,"m_FxEnabled":true},"in2DMode":false,"pivot":{"x":398.6393737792969,"y":-4.435202598571777,"z":761.9515380859375},"rotation":{"x":-0.08173660188913346,"y":-0.45105862617492678,"z":0.041527558118104938,"w":-0.8877778053283691},"size":1.2972795963287354,"orthographic":false}